"Epoch","sage-sweep-27 - _step","sage-sweep-27 - _step__MIN","sage-sweep-27 - _step__MAX","sage-sweep-27 - Loss","sage-sweep-27 - Loss__MIN","sage-sweep-27 - Loss__MAX","feasible-sweep-3 - _step","feasible-sweep-3 - _step__MIN","feasible-sweep-3 - _step__MAX","feasible-sweep-3 - Loss","feasible-sweep-3 - Loss__MIN","feasible-sweep-3 - Loss__MAX","driven-sweep-4 - _step","driven-sweep-4 - _step__MIN","driven-sweep-4 - _step__MAX","driven-sweep-4 - Loss","driven-sweep-4 - Loss__MIN","driven-sweep-4 - Loss__MAX","wise-sweep-30 - _step","wise-sweep-30 - _step__MIN","wise-sweep-30 - _step__MAX","wise-sweep-30 - Loss","wise-sweep-30 - Loss__MIN","wise-sweep-30 - Loss__MAX","swift-sweep-20 - _step","swift-sweep-20 - _step__MIN","swift-sweep-20 - _step__MAX","swift-sweep-20 - Loss","swift-sweep-20 - Loss__MIN","swift-sweep-20 - Loss__MAX","rich-sweep-12 - _step","rich-sweep-12 - _step__MIN","rich-sweep-12 - _step__MAX","rich-sweep-12 - Loss","rich-sweep-12 - Loss__MIN","rich-sweep-12 - Loss__MAX","bumbling-sweep-9 - _step","bumbling-sweep-9 - _step__MIN","bumbling-sweep-9 - _step__MAX","bumbling-sweep-9 - Loss","bumbling-sweep-9 - Loss__MIN","bumbling-sweep-9 - Loss__MAX","glad-sweep-33 - _step","glad-sweep-33 - _step__MIN","glad-sweep-33 - _step__MAX","glad-sweep-33 - Loss","glad-sweep-33 - Loss__MIN","glad-sweep-33 - Loss__MAX","ethereal-sweep-29 - _step","ethereal-sweep-29 - _step__MIN","ethereal-sweep-29 - _step__MAX","ethereal-sweep-29 - Loss","ethereal-sweep-29 - Loss__MIN","ethereal-sweep-29 - Loss__MAX","winter-sweep-18 - _step","winter-sweep-18 - _step__MIN","winter-sweep-18 - _step__MAX","winter-sweep-18 - Loss","winter-sweep-18 - Loss__MIN","winter-sweep-18 - Loss__MAX","flowing-sweep-8 - _step","flowing-sweep-8 - _step__MIN","flowing-sweep-8 - _step__MAX","flowing-sweep-8 - Loss","flowing-sweep-8 - Loss__MIN","flowing-sweep-8 - Loss__MAX","good-sweep-17 - _step","good-sweep-17 - _step__MIN","good-sweep-17 - _step__MAX","good-sweep-17 - Loss","good-sweep-17 - Loss__MIN","good-sweep-17 - Loss__MAX","exalted-sweep-7 - _step","exalted-sweep-7 - _step__MIN","exalted-sweep-7 - _step__MAX","exalted-sweep-7 - Loss","exalted-sweep-7 - Loss__MIN","exalted-sweep-7 - Loss__MAX","revived-sweep-15 - _step","revived-sweep-15 - _step__MIN","revived-sweep-15 - _step__MAX","revived-sweep-15 - Loss","revived-sweep-15 - Loss__MIN","revived-sweep-15 - Loss__MAX","stellar-sweep-2 - _step","stellar-sweep-2 - _step__MIN","stellar-sweep-2 - _step__MAX","stellar-sweep-2 - Loss","stellar-sweep-2 - Loss__MIN","stellar-sweep-2 - Loss__MAX","astral-sweep-16 - _step","astral-sweep-16 - _step__MIN","astral-sweep-16 - _step__MAX","astral-sweep-16 - Loss","astral-sweep-16 - Loss__MIN","astral-sweep-16 - Loss__MAX","dashing-sweep-21 - _step","dashing-sweep-21 - _step__MIN","dashing-sweep-21 - _step__MAX","dashing-sweep-21 - Loss","dashing-sweep-21 - Loss__MIN","dashing-sweep-21 - Loss__MAX","good-sweep-5 - _step","good-sweep-5 - _step__MIN","good-sweep-5 - _step__MAX","good-sweep-5 - Loss","good-sweep-5 - Loss__MIN","good-sweep-5 - Loss__MAX","happy-sweep-32 - _step","happy-sweep-32 - _step__MIN","happy-sweep-32 - _step__MAX","happy-sweep-32 - Loss","happy-sweep-32 - Loss__MIN","happy-sweep-32 - Loss__MAX","celestial-sweep-6 - _step","celestial-sweep-6 - _step__MIN","celestial-sweep-6 - _step__MAX","celestial-sweep-6 - Loss","celestial-sweep-6 - Loss__MIN","celestial-sweep-6 - Loss__MAX","breezy-sweep-31 - _step","breezy-sweep-31 - _step__MIN","breezy-sweep-31 - _step__MAX","breezy-sweep-31 - Loss","breezy-sweep-31 - Loss__MIN","breezy-sweep-31 - Loss__MAX","sweet-sweep-10 - _step","sweet-sweep-10 - _step__MIN","sweet-sweep-10 - _step__MAX","sweet-sweep-10 - Loss","sweet-sweep-10 - Loss__MIN","sweet-sweep-10 - Loss__MAX","smart-sweep-13 - _step","smart-sweep-13 - _step__MIN","smart-sweep-13 - _step__MAX","smart-sweep-13 - Loss","smart-sweep-13 - Loss__MIN","smart-sweep-13 - Loss__MAX","twilight-sweep-1 - _step","twilight-sweep-1 - _step__MIN","twilight-sweep-1 - _step__MAX","twilight-sweep-1 - Loss","twilight-sweep-1 - Loss__MIN","twilight-sweep-1 - Loss__MAX","royal-sweep-19 - _step","royal-sweep-19 - _step__MIN","royal-sweep-19 - _step__MAX","royal-sweep-19 - Loss","royal-sweep-19 - Loss__MIN","royal-sweep-19 - Loss__MAX","youthful-sweep-28 - _step","youthful-sweep-28 - _step__MIN","youthful-sweep-28 - _step__MAX","youthful-sweep-28 - Loss","youthful-sweep-28 - Loss__MIN","youthful-sweep-28 - Loss__MAX","firm-sweep-24 - _step","firm-sweep-24 - _step__MIN","firm-sweep-24 - _step__MAX","firm-sweep-24 - Loss","firm-sweep-24 - Loss__MIN","firm-sweep-24 - Loss__MAX","fresh-sweep-11 - _step","fresh-sweep-11 - _step__MIN","fresh-sweep-11 - _step__MAX","fresh-sweep-11 - Loss","fresh-sweep-11 - Loss__MIN","fresh-sweep-11 - Loss__MAX","laced-sweep-24 - _step","laced-sweep-24 - _step__MIN","laced-sweep-24 - _step__MAX","laced-sweep-24 - Loss","laced-sweep-24 - Loss__MIN","laced-sweep-24 - Loss__MAX","good-sweep-25 - _step","good-sweep-25 - _step__MIN","good-sweep-25 - _step__MAX","good-sweep-25 - Loss","good-sweep-25 - Loss__MIN","good-sweep-25 - Loss__MAX"
"1","7.5","0","15","0.6667625000000001","0.2315","3.5306","3.5","0","7","0.8735250000000001","0.2865","3.1339","2","0","4","2.1194200000000003","1.1006","3.7357","3.5","0","7","0.8955500000000001","0.321","3.1213","2","0","4","0.8728000000000001","0.2876","2.5451","7.5","0","15","0.8729625000000001","0.2997","3.8369","3.5","0","7","1.4956124999999998","0.5764","3.6783","3.5","0","7","0.8909874999999999","0.4109","2.8307","3.5","0","7","1.022325","0.479","3.2456","3.5","0","7","0.9255374999999999","0.4015","3.1249","1.5","0","3","0.946875","0.3321","2.3694","1.5","0","3","0.9497249999999999","0.348","2.3462","7.5","0","15","0.7081500000000001","0.2402","3.6307","1.5","0","3","0.99965","0.3374","2.465","1.5","0","3","0.69185","0.3541","1.5256","1.5","0","3","0.70225","0.3642","1.5578","2","0","4","1.01936","0.4405","2.5238","3.5","0","7","1.1603874999999997","0.4507","4.0214","3.5","0","7","1.1695625","0.4689","3.572","3.5","0","7","0.8478125","0.4337","2.6698","1.5","0","3","0.8205500000000001","0.4479","1.768","2","0","4","0.673","0.3296","1.7025","2","0","4","0.81228","0.406","2.0562","2","0","4","1.2441200000000001","0.4399","3.5123","3.5","0","7","0.7307875","0.3593","2.3905","1.5","0","3","1.2407249999999999","0.4251","2.7957","7.5","0","15","1.0907437500000006","0.3049","3.9884","7.5","0","15","0.7027750000000001","0.2283","3.6877","7.5","0","15","0.7116625","0.2374","3.6249","2","0","4","0.8293200000000001","0.3966","2.169"
"2","25.5","18","33","0.06936250000000001","0.0542","0.0869","13.5","10","17","0.1059625","0.0904","0.1214","9","7","11","0.58334","0.4591","0.7481","13.5","10","17","0.1079","0.0919","0.1226","9","7","11","0.09292","0.081","0.112","25.5","18","33","0.10814375","0.0787","0.1404","13.5","10","17","0.2997","0.2411","0.3856","13.5","10","17","0.327175","0.2523","0.3687","13.5","10","17","0.33378749999999996","0.2951","0.3826","13.5","10","17","0.3125","0.2806","0.3452","7.5","6","9","0.11649999999999999","0.1078","0.1341","7.5","6","9","0.11897500000000001","0.1023","0.1365","25.5","18","33","0.075875","0.0528","0.1036","7.5","6","9","0.1283","0.1156","0.1498","7.5","6","9","0.193075","0.1591","0.225","7.5","6","9","0.20442499999999997","0.1853","0.2234","9","7","11","0.29359999999999997","0.2613","0.3231","13.5","10","17","0.33437500000000003","0.2945","0.3653","13.5","10","17","0.327025","0.2869","0.3587","13.5","10","17","0.287075","0.2334","0.3305","7.5","6","9","0.255725","0.2328","0.288","9","7","11","0.17487999999999998","0.1581","0.1882","9","7","11","0.26498","0.2334","0.2886","9","7","11","0.31101999999999996","0.2753","0.3265","13.5","10","17","0.2359125","0.1861","0.2799","7.5","6","9","0.19849999999999998","0.1831","0.2289","25.5","18","33","0.15823749999999998","0.1148","0.1925","25.5","18","33","0.0716","0.0548","0.0922","25.5","18","33","0.07760625000000002","0.064","0.0912","9","7","11","0.27283999999999997","0.2377","0.3076"
"3","43.5","36","51","0.009750000000000002","0.0065","0.0164","23.5","20","27","0.023975000000000003","0.0202","0.0318","16","14","18","0.28598","0.2577","0.3269","23.5","20","27","0.0274625","0.0205","0.0374","16","14","18","0.02","0.0165","0.0247","43.5","36","51","0.02585625","0.0179","0.0343","23.5","20","27","0.12733750000000002","0.1112","0.1449","23.5","20","27","0.238875","0.1963","0.2832","23.5","20","27","0.2573375","0.1702","0.3104","23.5","20","27","0.215675","0.1739","0.2606","13.5","12","15","0.029875","0.0252","0.0368","13.5","12","15","0.03255","0.028","0.0401","43.5","36","51","0.01270625","0.008","0.0192","13.5","12","15","0.0364","0.0315","0.0431","13.5","12","15","0.07852500000000001","0.0619","0.1033","13.5","12","15","0.101875","0.0831","0.1298","16","14","18","0.20181999999999997","0.1751","0.2322","23.5","20","27","0.2126875","0.1559","0.2525","23.5","20","27","0.23545","0.1839","0.3146","23.5","20","27","0.2036375","0.145","0.2742","13.5","12","15","0.153675","0.1219","0.1992","16","14","18","0.06792000000000001","0.053","0.0887","16","14","18","0.17724","0.1259","0.2254","16","14","18","0.19506","0.1346","0.2242","23.5","20","27","0.142525","0.0952","0.2035","13.5","12","15","0.06545000000000001","0.0567","0.076","43.5","36","51","0.04918125","0.0379","0.0616","43.5","36","51","0.011937500000000002","0.0078","0.017","43.5","36","51","0.014212499999999998","0.0099","0.0203","16","14","18","0.15616000000000002","0.117","0.2055"
"4","61.5","54","69","0.004399999999999999","0.0032","0.0052","33.5","30","37","0.0120625","0.0102","0.0143","23","21","25","0.16854","0.151","0.1816","33.5","30","37","0.01375","0.0122","0.0159","23","21","25","0.01048","0.0095","0.0119","61.5","54","69","0.013056250000000002","0.0108","0.0153","33.5","30","37","0.067525","0.059","0.0752","33.5","30","37","0.2012","0.1535","0.2483","33.5","30","37","0.22168749999999998","0.1665","0.2555","33.5","30","37","0.19416250000000002","0.1137","0.2575","19.5","18","21","0.01565","0.0143","0.0172","19.5","18","21","0.017025000000000002","0.0152","0.0189","61.5","54","69","0.006306250000000001","0.0047","0.0084","19.5","18","21","0.018875000000000003","0.0171","0.0208","19.5","18","21","0.06415","0.0504","0.081","19.5","18","21","0.082975","0.0564","0.1051","23","21","25","0.17918","0.1242","0.2096","33.5","30","37","0.17321250000000002","0.1333","0.2126","33.5","30","37","0.1847875","0.1358","0.2508","33.5","30","37","0.1625375","0.1134","0.1987","19.5","18","21","0.13895","0.1054","0.171","23","21","25","0.04698","0.0274","0.0591","23","21","25","0.12844","0.1109","0.173","23","21","25","0.14632","0.1133","0.1803","33.5","30","37","0.1013","0.0554","0.1771","19.5","18","21","0.0327","0.0288","0.0364","61.5","54","69","0.0232875","0.019","0.0282","61.5","54","69","0.005375","0.0042","0.0067","61.5","54","69","0.00685","0.0054","0.0081","23","21","25","0.13406","0.0829","0.2056"
"5","79.5","72","87","0.0030687499999999994","0.0024","0.0048","43.5","40","47","0.0084375","0.0076","0.0092","30","28","32","0.10800000000000001","0.0999","0.1146","43.5","40","47","0.0097625","0.0085","0.0111","30","28","32","0.007479999999999999","0.0068","0.0083","79.5","72","87","0.00901875","0.0077","0.0102","43.5","40","47","0.0438375","0.0387","0.0481","43.5","40","47","0.1827625","0.143","0.2342","43.5","40","47","0.183075","0.1249","0.2187","43.5","40","47","0.156425","0.1132","0.2299","25.5","24","27","0.011300000000000001","0.0103","0.0123","25.5","24","27","0.012","0.011","0.0133","79.5","72","87","0.0042125","0.0036","0.0054","25.5","24","27","0.013475","0.0125","0.0146","25.5","24","27","0.0421","0.0287","0.0486","25.5","24","27","0.07675","0.053","0.1062","30","28","32","0.1537","0.108","0.1888","43.5","40","47","0.1484625","0.0943","0.1829","43.5","40","47","0.154975","0.0943","0.1857","43.5","40","47","0.12955","0.0841","0.1921","25.5","24","27","0.112525","0.0846","0.1548","30","28","32","0.04698","0.0306","0.0646","30","28","32","0.11185999999999999","0.0822","0.1384","30","28","32","0.12974000000000002","0.1012","0.1915","43.5","40","47","0.0911375","0.0412","0.1445","25.5","24","27","0.022275","0.021","0.0244","79.5","72","87","0.015743749999999997","0.0138","0.0187","79.5","72","87","0.00368125","0.0029","0.0041","79.5","72","87","0.00459375","0.0038","0.0057","30","28","32","0.11244000000000001","0.0861","0.1436"
"6","97.5","90","105","0.0024875","0.0019","0.0035","53.5","50","57","0.006637500000000001","0.0057","0.0072","37","35","39","0.07672","0.0732","0.0851","53.5","50","57","0.007675","0.007","0.0084","37","35","39","0.005800000000000001","0.0054","0.0062","97.5","90","105","0.00695625","0.0061","0.0079","53.5","50","57","0.03233749999999999","0.0307","0.034","53.5","50","57","0.16266250000000002","0.1127","0.2154","53.5","50","57","0.17451250000000001","0.1428","0.2168","53.5","50","57","0.1625625","0.1022","0.2365","31.5","30","33","0.008725","0.0082","0.0093","31.5","30","33","0.009349999999999999","0.0089","0.0101","97.5","90","105","0.0031562499999999993","0.0028","0.0035","31.5","30","33","0.01045","0.0097","0.011","31.5","30","33","0.04897499999999999","0.0305","0.0672","31.5","30","33","0.066425","0.0516","0.1051","37","35","39","0.11892","0.0831","0.146","53.5","50","57","0.13319999999999999","0.0855","0.1882","53.5","50","57","0.1591","0.0927","0.228","53.5","50","57","0.1114","0.0443","0.1566","31.5","30","33","0.10265000000000002","0.0788","0.1247","37","35","39","0.03634","0.0259","0.0445","37","35","39","0.11314000000000002","0.0873","0.132","37","35","39","0.12410000000000002","0.1021","0.163","53.5","50","57","0.08653750000000002","0.0457","0.1239","31.5","30","33","0.0171","0.0164","0.0183","97.5","90","105","0.011956249999999998","0.0102","0.0131","97.5","90","105","0.00276875","0.0024","0.0034","97.5","90","105","0.0034875","0.0031","0.0039","37","35","39","0.12278","0.0859","0.1975"
"7","115.5","108","123","0.00190625","0.0016","0.0023","63.5","60","67","0.005425","0.0048","0.0061","44","42","46","0.05938","0.0573","0.063","63.5","60","67","0.006262500000000001","0.0059","0.0065","44","42","46","0.0047799999999999995","0.0044","0.005","115.5","108","123","0.005574999999999999","0.0048","0.0062","63.5","60","67","0.0256375","0.0241","0.0271","63.5","60","67","0.136175","0.088","0.1634","63.5","60","67","0.1558375","0.0882","0.2369","63.5","60","67","0.12132499999999999","0.0621","0.1731","37.5","36","39","0.0072250000000000005","0.0068","0.0077","37.5","36","39","0.0077","0.0074","0.008","115.5","108","123","0.00263125","0.0021","0.0029","37.5","36","39","0.008525","0.008","0.0089","37.5","36","39","0.049049999999999996","0.0362","0.0631","37.5","36","39","0.05405","0.0447","0.0662","44","42","46","0.13212","0.0873","0.1715","63.5","60","67","0.11403750000000001","0.0609","0.1795","63.5","60","67","0.1373375","0.0924","0.1738","63.5","60","67","0.11178750000000001","0.0721","0.1355","37.5","36","39","0.08685","0.0755","0.0943","44","42","46","0.027460000000000002","0.0231","0.03","44","42","46","0.10162","0.0767","0.1326","44","42","46","0.10823999999999998","0.093","0.1397","63.5","60","67","0.07131249999999999","0.0416","0.0871","37.5","36","39","0.013925","0.0131","0.0149","115.5","108","123","0.00945625","0.0083","0.0101","115.5","108","123","0.0023875000000000003","0.002","0.003","115.5","108","123","0.0028562500000000003","0.0025","0.0034","44","42","46","0.08897999999999999","0.0715","0.1242"
"8","133.5","126","141","0.0016250000000000004","0.0014","0.0021","73.5","70","77","0.0046","0.0042","0.0051","51","49","53","0.04768","0.0452","0.0503","73.5","70","77","0.005262499999999999","0.005","0.0057","51","49","53","0.004020000000000001","0.0038","0.0043","133.5","126","141","0.004593750000000001","0.0041","0.005","73.5","70","77","0.021224999999999997","0.02","0.0221","73.5","70","77","0.11923750000000001","0.0864","0.1409","73.5","70","77","0.14365","0.0969","0.1793","73.5","70","77","0.133325","0.0811","0.1819","43.5","42","45","0.006125","0.0058","0.0065","43.5","42","45","0.006475","0.0063","0.0067","133.5","126","141","0.0022375","0.0019","0.0024","43.5","42","45","0.0072250000000000005","0.0069","0.0075","43.5","42","45","0.039875","0.0296","0.0505","43.5","42","45","0.05205","0.0256","0.0757","51","49","53","0.1439","0.1022","0.1753","73.5","70","77","0.11108749999999999","0.0661","0.1804","73.5","70","77","0.102075","0.0557","0.132","73.5","70","77","0.091175","0.0557","0.1434","43.5","42","45","0.07475","0.0538","0.105","51","49","53","0.040459999999999996","0.0139","0.0658","51","49","53","0.09902","0.0691","0.1404","51","49","53","0.08138","0.0543","0.1141","73.5","70","77","0.0672875","0.0345","0.0938","43.5","42","45","0.011600000000000001","0.0112","0.0123","133.5","126","141","0.008112500000000002","0.0074","0.0094","133.5","126","141","0.00196875","0.0017","0.0028","133.5","126","141","0.0024124999999999997","0.0021","0.0027","51","49","53","0.07827999999999999","0.0594","0.0957"
"9","151.5","144","159","0.00148125","0.0013","0.0018","83.5","80","87","0.0039875","0.0037","0.0042","58","56","60","0.03952","0.0374","0.041","83.5","80","87","0.004575","0.0043","0.0049","58","56","60","0.0034799999999999996","0.0033","0.0036","151.5","144","159","0.004075","0.0037","0.0047","83.5","80","87","0.0181625","0.0171","0.0193","83.5","80","87","0.13255","0.0859","0.1705","83.5","80","87","0.16920000000000002","0.1144","0.2149","83.5","80","87","0.1117625","0.0618","0.1535","49.5","48","51","0.0053","0.0052","0.0055","49.5","48","51","0.005575","0.0053","0.0058","151.5","144","159","0.0019499999999999997","0.0017","0.0024","49.5","48","51","0.006275","0.0059","0.0065","49.5","48","51","0.03175","0.0242","0.0418","49.5","48","51","0.046099999999999995","0.0293","0.059","58","56","60","0.09264","0.0644","0.1141","83.5","80","87","0.0977875","0.0638","0.1179","83.5","80","87","0.12038750000000001","0.0624","0.1956","83.5","80","87","0.0792125","0.0382","0.1248","49.5","48","51","0.084925","0.0581","0.1153","58","56","60","0.029960000000000004","0.0187","0.0395","58","56","60","0.07762000000000001","0.0476","0.0998","58","56","60","0.07696","0.0627","0.0924","83.5","80","87","0.06483749999999999","0.0439","0.0847","49.5","48","51","0.01","0.0097","0.0103","151.5","144","159","0.006868750000000001","0.006","0.0079","151.5","144","159","0.0016687499999999999","0.0014","0.0019","151.5","144","159","0.0021625","0.0018","0.0025","58","56","60","0.06986","0.0459","0.086"
"10","169.5","162","177","0.0012625","0.0011","0.0015","93.5","90","97","0.0035125","0.0033","0.0039","65","63","67","0.033999999999999996","0.0328","0.0352","93.5","90","97","0.004025","0.0038","0.0042","65","63","67","0.00312","0.003","0.0032","169.5","162","177","0.0035562500000000013","0.0033","0.004","93.5","90","97","0.015587499999999999","0.0152","0.016","93.5","90","97","0.113475","0.0823","0.1468","93.5","90","97","0.1353","0.0944","0.2191","93.5","90","97","0.11606250000000001","0.0572","0.1881","55.5","54","57","0.0047","0.0046","0.0049","55.5","54","57","0.00495","0.0048","0.0051","169.5","162","177","0.0017062500000000003","0.0015","0.002","55.5","54","57","0.005474999999999999","0.0053","0.0056","55.5","54","57","0.021475","0.019","0.0229","55.5","54","57","0.044625","0.0331","0.0694","65","63","67","0.11945999999999998","0.0939","0.1478","93.5","90","97","0.10515","0.0586","0.1415","93.5","90","97","0.1061625","0.0771","0.1453","93.5","90","97","0.1042875","0.0609","0.1461","55.5","54","57","0.08952500000000001","0.0555","0.117","65","63","67","0.0263","0.0229","0.0304","65","63","67","0.06604000000000002","0.0394","0.0913","65","63","67","0.11363999999999999","0.1019","0.1266","93.5","90","97","0.057800000000000004","0.0301","0.0831","55.5","54","57","0.008775000000000002","0.0085","0.0091","169.5","162","177","0.006081249999999999","0.0052","0.0068","169.5","162","177","0.0015","0.0012","0.002","169.5","162","177","0.0019125000000000001","0.0015","0.0021","65","63","67","0.09328","0.0692","0.1208"
"11","","","","","","","103.5","100","107","0.0031374999999999997","0.0029","0.0033","72","70","74","0.02988","0.0293","0.0309","103.5","100","107","0.0036499999999999996","0.0035","0.0039","72","70","74","0.0028000000000000004","0.0027","0.0029","187.5","180","195","0.0032500000000000003","0.0029","0.0036","103.5","100","107","0.0140625","0.0136","0.0147","103.5","100","107","0.1002625","0.0599","0.1613","103.5","100","107","0.12106249999999999","0.0895","0.1889","103.5","100","107","0.0843625","0.0577","0.1037","61.5","60","63","0.004175","0.004","0.0044","61.5","60","63","0.004475","0.0043","0.0046","187.5","180","195","0.0015124999999999997","0.0013","0.0017","61.5","60","63","0.004925","0.0047","0.0052","61.5","60","63","0.036425","0.0088","0.0803","61.5","60","63","0.04725","0.0403","0.0615","72","70","74","0.08453999999999999","0.0504","0.1341","103.5","100","107","0.0880125","0.0505","0.1201","103.5","100","107","0.10099999999999999","0.0574","0.1515","103.5","100","107","0.0821","0.0337","0.1276","61.5","60","63","0.078725","0.0732","0.0876","72","70","74","0.02152","0.0142","0.0305","72","70","74","0.10046","0.0738","0.1352","72","70","74","0.0826","0.0758","0.0911","103.5","100","107","0.055650000000000005","0.0263","0.0797","61.5","60","63","0.007825","0.0077","0.0079","187.5","180","195","0.005356250000000001","0.0049","0.0059","187.5","180","195","0.0012937499999999998","0.001","0.0015","187.5","180","195","0.0016875","0.0015","0.0021","72","70","74","0.0724","0.0575","0.1012"
"12","","","","","","","113.5","110","117","0.002875","0.0028","0.003","79","77","81","0.0263","0.0258","0.0268","113.5","110","117","0.0032875","0.0031","0.0034","79","77","81","0.00252","0.0024","0.0026","205.5","198","213","0.0029437499999999993","0.0025","0.0036","113.5","110","117","0.0125875","0.0117","0.013","113.5","110","117","0.1086625","0.0723","0.1635","113.5","110","117","0.1052375","0.0691","0.1381","113.5","110","117","0.10882499999999999","0.0654","0.1505","67.5","66","69","0.0037999999999999996","0.0036","0.0039","67.5","66","69","0.004025","0.0039","0.0042","205.5","198","213","0.0013562499999999998","0.0011","0.0016","67.5","66","69","0.004425","0.0043","0.0046","67.5","66","69","0.042624999999999996","0.0358","0.05","67.5","66","69","0.052000000000000005","0.0335","0.0675","79","77","81","0.10735999999999998","0.0864","0.1304","113.5","110","117","0.09316250000000001","0.0524","0.1523","113.5","110","117","0.1139875","0.0931","0.1447","113.5","110","117","0.07037500000000001","0.0433","0.1032","67.5","66","69","0.0746","0.0573","0.107","79","77","81","0.0279","0.0202","0.0357","79","77","81","0.07034","0.045","0.0883","79","77","81","0.05726","0.0334","0.0822","113.5","110","117","0.06505","0.0264","0.0985","67.5","66","69","0.007","0.0068","0.0071","205.5","198","213","0.004799999999999999","0.0044","0.0054","205.5","198","213","0.001175","0.001","0.0014","205.5","198","213","0.0014812500000000001","0.0013","0.0018","79","77","81","0.06624","0.0527","0.0813"
"13","","","","","","","123.5","120","127","0.002575","0.0024","0.0027","86","84","88","0.02374","0.0229","0.0245","123.5","120","127","0.003","0.0028","0.0031","86","84","88","0.0023","0.0022","0.0024","223.5","216","231","0.0026125000000000002","0.0023","0.0028","123.5","120","127","0.0112125","0.0106","0.0116","123.5","120","127","0.0994375","0.074","0.1533","123.5","120","127","0.09767500000000001","0.0632","0.1345","123.5","120","127","0.0913875","0.0464","0.1369","73.5","72","75","0.003425","0.0033","0.0035","73.5","72","75","0.0036499999999999996","0.0036","0.0038","223.5","216","231","0.0012","0.0011","0.0013","73.5","72","75","0.0040750000000000005","0.004","0.0042","73.5","72","75","0.0369","0.0238","0.0535","73.5","72","75","0.032850000000000004","0.0298","0.0374","86","84","88","0.09566","0.0799","0.1235","123.5","120","127","0.0872375","0.0646","0.149","123.5","120","127","0.09427500000000001","0.0578","0.1279","123.5","120","127","0.06245","0.0204","0.0954","73.5","72","75","0.10805000000000001","0.1022","0.1173","86","84","88","0.02286","0.0125","0.0353","86","84","88","0.058800000000000005","0.0394","0.08","86","84","88","0.07146000000000001","0.0607","0.0787","123.5","120","127","0.056625","0.034","0.069","73.5","72","75","0.0064","0.0062","0.0066","223.5","216","231","0.004331250000000001","0.0041","0.0046","223.5","216","231","0.0010625000000000005","0.0009","0.0015","223.5","216","231","0.0013437499999999997","0.0012","0.0016","86","84","88","0.07772","0.0614","0.0897"
"14","","","","","","","133.5","130","137","0.002375","0.0023","0.0025","93","91","95","0.021700000000000004","0.0206","0.0224","133.5","130","137","0.0027","0.0026","0.0028","93","91","95","0.0021199999999999995","0.0021","0.0022","241.5","234","249","0.00243125","0.0022","0.0026","133.5","130","137","0.010275","0.0098","0.0106","133.5","130","137","0.09736249999999999","0.0672","0.1345","133.5","130","137","0.1297375","0.093","0.1841","133.5","130","137","0.095225","0.055","0.1488","79.5","78","81","0.003175","0.0031","0.0032","79.5","78","81","0.003325","0.0032","0.0034","241.5","234","249","0.00109375","0.0009","0.0013","79.5","78","81","0.003725","0.0037","0.0038","79.5","78","81","0.0348","0.0231","0.0548","79.5","78","81","0.047075","0.0214","0.0646","93","91","95","0.0908","0.0619","0.1154","133.5","130","137","0.0766875","0.0553","0.1015","133.5","130","137","0.10221250000000001","0.0611","0.1684","133.5","130","137","0.0675625","0.0447","0.0961","79.5","78","81","0.056975","0.0477","0.0707","93","91","95","0.02404","0.0207","0.0271","93","91","95","0.07931999999999999","0.0637","0.1011","93","91","95","0.11692","0.0848","0.1803","133.5","130","137","0.032012500000000006","0.0233","0.0457","79.5","78","81","0.0058249999999999994","0.0058","0.0059","241.5","234","249","0.0040125","0.0036","0.0047","241.5","234","249","0.0009500000000000001","0.0008","0.0011","241.5","234","249","0.0012437499999999996","0.0011","0.0014","93","91","95","0.05038","0.0322","0.0714"
"15","","","","","","","143.5","140","147","0.0022125","0.0021","0.0024","100","98","102","0.01976","0.0194","0.0203","143.5","140","147","0.002525","0.0024","0.0026","100","98","102","0.0019600000000000004","0.0019","0.0021","259.5","252","267","0.0021937500000000004","0.002","0.0025","143.5","140","147","0.009525","0.0093","0.0099","143.5","140","147","0.0983","0.0528","0.1387","143.5","140","147","0.12272500000000001","0.0702","0.1764","143.5","140","147","0.0931125","0.058","0.1666","85.5","84","87","0.00295","0.0029","0.003","85.5","84","87","0.003125","0.0031","0.0032","259.5","252","267","0.001075","0.0009","0.0013","85.5","84","87","0.003425","0.0034","0.0035","85.5","84","87","0.0148","0.0062","0.0213","85.5","84","87","0.044225","0.0267","0.0547","100","98","102","0.08968","0.0579","0.1271","143.5","140","147","0.09045","0.0526","0.1263","143.5","140","147","0.0863875","0.0673","0.1051","143.5","140","147","0.08358750000000001","0.0665","0.1419","85.5","84","87","0.046125000000000006","0.0397","0.054","100","98","102","0.015940000000000003","0.0086","0.0302","100","98","102","0.053200000000000004","0.03","0.0681","100","98","102","0.0699","0.0483","0.0957","143.5","140","147","0.051425","0.0234","0.0872","85.5","84","87","0.005424999999999999","0.0053","0.0055","259.5","252","267","0.00378125","0.0033","0.0042","259.5","252","267","0.0009125","0.0008","0.0011","259.5","252","267","0.00115625","0.0011","0.0013","100","98","102","0.07205999999999999","0.039","0.1065"
"16","","","","","","","153.5","150","157","0.0020125","0.0019","0.0021","107","105","109","0.01802","0.0176","0.0183","153.5","150","157","0.0023874999999999994","0.0023","0.0025","107","105","109","0.0018","0.0018","0.0018","277.5","270","285","0.0021062500000000005","0.0018","0.0025","153.5","150","157","0.0087375","0.0084","0.0092","153.5","150","157","0.09142499999999999","0.0572","0.1373","153.5","150","157","0.11513749999999999","0.0447","0.1713","153.5","150","157","0.076375","0.0517","0.1017","91.5","90","93","0.00275","0.0026","0.0029","91.5","90","93","0.002875","0.0028","0.0029","277.5","270","285","0.000975","0.0009","0.0011","91.5","90","93","0.0032","0.0031","0.0033","91.5","90","93","0.007975","0.0048","0.0112","91.5","90","93","0.050675","0.0333","0.0808","107","105","109","0.08213999999999999","0.0628","0.1133","153.5","150","157","0.0665375","0.048","0.1205","153.5","150","157","0.09115000000000001","0.0535","0.1378","153.5","150","157","0.0605","0.0403","0.0784","91.5","90","93","0.059775","0.0435","0.0743","107","105","109","0.02406","0.0161","0.0298","107","105","109","0.05436","0.0346","0.0647","107","105","109","0.05112","0.042","0.061","153.5","150","157","0.054474999999999996","0.0333","0.092","91.5","90","93","0.004975","0.0048","0.0052","277.5","270","285","0.0035250000000000004","0.0033","0.0038","277.5","270","285","0.0008500000000000001","0.0008","0.001","277.5","270","285","0.00110625","0.001","0.0013","107","105","109","0.08344","0.0656","0.1015"
"17","","","","","","","163.5","160","167","0.001925","0.0019","0.002","114","112","116","0.01686","0.0167","0.017","163.5","160","167","0.0022125","0.0021","0.0024","114","112","116","0.0017000000000000001","0.0016","0.0018","295.5","288","303","0.00190625","0.0017","0.0021","163.5","160","167","0.0081","0.0079","0.0082","163.5","160","167","0.07385","0.0393","0.1279","163.5","160","167","0.0968","0.0703","0.1376","163.5","160","167","0.08973750000000001","0.0432","0.1327","97.5","96","99","0.0025250000000000003","0.0025","0.0026","97.5","96","99","0.002675","0.0026","0.0027","295.5","288","303","0.00093125","0.0008","0.0012","97.5","96","99","0.003025","0.0029","0.0031","97.5","96","99","0.037625","0.0253","0.06","97.5","96","99","0.03565","0.0242","0.0458","114","112","116","0.09322000000000001","0.0779","0.1005","163.5","160","167","0.089325","0.0545","0.1434","163.5","160","167","0.08093750000000001","0.0375","0.1179","163.5","160","167","0.05468750000000001","0.0193","0.0775","97.5","96","99","0.0812","0.063","0.0997","114","112","116","0.0187","0.0147","0.0229","114","112","116","0.07319999999999999","0.0276","0.0923","114","112","116","0.0758","0.0574","0.1073","163.5","160","167","0.029087499999999995","0.01","0.0495","97.5","96","99","0.0046749999999999995","0.0046","0.0048","295.5","288","303","0.00325","0.0028","0.0037","295.5","288","303","0.0007812499999999999","0.0007","0.0009","295.5","288","303","0.0010375","0.0009","0.0015","114","112","116","0.08352000000000001","0.0724","0.0986"
"18","","","","","","","173.5","170","177","0.0017875","0.0017","0.0019","121","119","123","0.01568","0.0155","0.0158","173.5","170","177","0.0020624999999999997","0.002","0.0021","121","119","123","0.0016","0.0015","0.0017","313.5","306","321","0.0018312499999999998","0.0017","0.0021","173.5","170","177","0.0075875","0.0073","0.0078","173.5","170","177","0.0924625","0.0602","0.1434","173.5","170","177","0.08554999999999999","0.0386","0.1301","173.5","170","177","0.079875","0.031","0.1446","103.5","102","105","0.002375","0.0023","0.0024","103.5","102","105","0.0025250000000000003","0.0025","0.0026","313.5","306","321","0.0008250000000000001","0.0007","0.0009","103.5","102","105","0.0028250000000000003","0.0027","0.0029","103.5","102","105","0.045","0.0319","0.0662","103.5","102","105","0.0361","0.0267","0.0501","121","119","123","0.09612000000000001","0.0635","0.1528","173.5","170","177","0.0781","0.0547","0.101","173.5","170","177","0.09527500000000001","0.043","0.1683","173.5","170","177","0.05226249999999999","0.026","0.0758","103.5","102","105","0.08345","0.051","0.1128","121","119","123","0.021339999999999998","0.0139","0.0282","121","119","123","0.0765","0.0612","0.0963","121","119","123","0.06982","0.032","0.0974","173.5","170","177","0.040049999999999995","0.0192","0.059","103.5","102","105","0.004375","0.0043","0.0045","313.5","306","321","0.00301875","0.0028","0.0033","313.5","306","321","0.0007812499999999999","0.0007","0.0009","313.5","306","321","0.0009687500000000001","0.0008","0.0011","121","119","123","0.03962","0.0295","0.054"
"19","","","","","","","183.5","180","187","0.0017000000000000001","0.0016","0.0018","128","126","130","0.014580000000000001","0.0143","0.0148","183.5","180","187","0.0019375000000000004","0.0019","0.002","128","126","130","0.0015","0.0015","0.0015","331.5","324","339","0.001675","0.0014","0.002","183.5","180","187","0.007062500000000001","0.0069","0.0074","183.5","180","187","0.08887499999999998","0.0642","0.127","183.5","180","187","0.10551250000000001","0.0557","0.1501","183.5","180","187","0.09388749999999998","0.0501","0.1871","109.5","108","111","0.00225","0.0021","0.0023","109.5","108","111","0.002375","0.0023","0.0024","331.5","324","339","0.0007812499999999999","0.0007","0.0009","109.5","108","111","0.002625","0.0026","0.0027","109.5","108","111","0.029074999999999997","0.017","0.0372","109.5","108","111","0.040475","0.029","0.0599","128","126","130","0.08517999999999999","0.0633","0.1146","183.5","180","187","0.06767499999999999","0.0461","0.1173","183.5","180","187","0.0631875","0.031","0.0962","183.5","180","187","0.065075","0.0288","0.0931","109.5","108","111","0.0688","0.0552","0.0779","128","126","130","0.025839999999999995","0.0144","0.0352","128","126","130","0.060399999999999995","0.041","0.0761","128","126","130","0.07598","0.0473","0.1081","183.5","180","187","0.0360625","0.0211","0.0575","109.5","108","111","0.004125","0.0041","0.0042","331.5","324","339","0.00283125","0.0025","0.0032","331.5","324","339","0.000725","0.0006","0.0009","331.5","324","339","0.0008812500000000001","0.0008","0.001","128","126","130","0.06305999999999999","0.0488","0.0821"
"20","","","","","","","193.5","190","197","0.0015875000000000002","0.0015","0.0016","135","133","137","0.013680000000000001","0.0136","0.0137","193.5","190","197","0.0018249999999999998","0.0017","0.0019","135","133","137","0.0014","0.0014","0.0014","349.5","342","357","0.0016000000000000003","0.0014","0.0017","193.5","190","197","0.0066500000000000005","0.0063","0.0069","193.5","190","197","0.0854","0.0369","0.1248","193.5","190","197","0.1103625","0.0708","0.1601","193.5","190","197","0.0702125","0.0379","0.1196","115.5","114","117","0.002075","0.002","0.0021","115.5","114","117","0.0022500000000000003","0.0022","0.0023","349.5","342","357","0.000775","0.0006","0.0009","115.5","114","117","0.0024749999999999998","0.0024","0.0025","115.5","114","117","0.02125","0.0192","0.0258","115.5","114","117","0.050775","0.0426","0.0615","135","133","137","0.0837","0.0808","0.0881","193.5","190","197","0.04405","0.0222","0.1045","193.5","190","197","0.0852125","0.0673","0.1142","193.5","190","197","0.0612375","0.0349","0.0977","115.5","114","117","0.052875000000000005","0.0445","0.0595","135","133","137","0.01652","0.0121","0.0244","135","133","137","0.05856","0.04","0.0783","135","133","137","0.04472","0.0363","0.0583","193.5","190","197","0.03635","0.0113","0.0995","115.5","114","117","0.003875","0.0038","0.004","349.5","342","357","0.0027625","0.0025","0.0033","349.5","342","357","0.0006812499999999999","0.0006","0.0008","349.5","342","357","0.0008375","0.0007","0.001","135","133","137","0.0666","0.0516","0.0838"
"21","","","","","","","","","","","","","","","","","","","","","","","","","","","","","","","","","","","","","","","","","","","","","","","","","","","","","","","","","","","","","121.5","120","123","0.002","0.002","0.002","121.5","120","123","0.0021249999999999997","0.0021","0.0022","367.5","360","375","0.0007499999999999999","0.0006","0.0012","121.5","120","123","0.002325","0.0023","0.0024","121.5","120","123","0.0158","0.0102","0.0232","121.5","120","123","0.035500000000000004","0.0251","0.0471","142","140","144","0.0855","0.0526","0.1062","203.5","200","207","0.0958875","0.0644","0.1225","203.5","200","207","0.08990000000000001","0.0449","0.1559","203.5","200","207","0.0682875","0.0304","0.1033","121.5","120","123","0.04665","0.0257","0.0719","142","140","144","0.010899999999999998","0.005","0.0173","142","140","144","0.045340000000000005","0.0299","0.0644","142","140","144","0.05288","0.0403","0.0641","203.5","200","207","0.051449999999999996","0.0352","0.0741","121.5","120","123","0.0036249999999999998","0.0035","0.0037","367.5","360","375","0.00255","0.0023","0.0028","367.5","360","375","0.0006249999999999999","0.0006","0.0007","367.5","360","375","0.00080625","0.0007","0.001","142","140","144","0.06294","0.0422","0.0841"
"22","","","","","","","","","","","","","","","","","","","","","","","","","","","","","","","","","","","","","","","","","","","","","","","","","","","","","","","","","","","","","127.5","126","129","0.0019","0.0019","0.0019","127.5","126","129","0.002025","0.002","0.0021","385.5","378","393","0.00070625","0.0006","0.0009","127.5","126","129","0.0022250000000000004","0.0022","0.0023","127.5","126","129","0.0253","0.0193","0.035","127.5","126","129","0.028725","0.0242","0.0322","149","147","151","0.06452000000000001","0.0352","0.0918","213.5","210","217","0.06975","0.0447","0.088","213.5","210","217","0.0729625","0.0287","0.1089","213.5","210","217","0.05845","0.0268","0.0895","127.5","126","129","0.063875","0.055","0.0714","149","147","151","0.01402","0.0071","0.0257","149","147","151","0.053239999999999996","0.0241","0.0706","149","147","151","0.0635","0.0388","0.0899","213.5","210","217","0.0463875","0.0133","0.0945","127.5","126","129","0.0035","0.0035","0.0035","385.5","378","393","0.0023687499999999998","0.0022","0.0027","385.5","378","393","0.0005875","0.0005","0.0007","385.5","378","393","0.0007875","0.0007","0.0009","149","147","151","0.04766","0.0305","0.0611"
"23","","","","","","","","","","","","","","","","","","","","","","","","","","","","","","","","","","","","","","","","","","","","","","","","","","","","","","","","","","","","","133.5","132","135","0.0018","0.0018","0.0018","133.5","132","135","0.0019249999999999998","0.0019","0.002","403.5","396","411","0.0006562499999999998","0.0006","0.0008","133.5","132","135","0.0021249999999999997","0.0021","0.0022","133.5","132","135","0.027275","0.0229","0.035","133.5","132","135","0.034100000000000005","0.024","0.045","156","154","158","0.0871","0.0569","0.1185","223.5","220","227","0.06293749999999998","0.036","0.0831","223.5","220","227","0.0934625","0.0583","0.1639","223.5","220","227","0.0444375","0.0165","0.0725","133.5","132","135","0.07235","0.0409","0.096","156","154","158","0.01704","0.0059","0.0283","156","154","158","0.0417","0.019","0.0758","156","154","158","0.06452","0.0463","0.0749","223.5","220","227","0.03881249999999999","0.0223","0.0716","133.5","132","135","0.0033","0.0033","0.0033","403.5","396","411","0.0023125000000000003","0.0021","0.0025","403.5","396","411","0.0005625000000000001","0.0005","0.0007","403.5","396","411","0.0007187499999999999","0.0006","0.001","156","154","158","0.05112","0.018","0.1194"
"24","","","","","","","","","","","","","","","","","","","","","","","","","","","","","","","","","","","","","","","","","","","","","","","","","","","","","","","","","","","","","139.5","138","141","0.00175","0.0017","0.0018","139.5","138","141","0.00185","0.0018","0.0019","421.5","414","429","0.0006374999999999999","0.0006","0.0008","139.5","138","141","0.002025","0.002","0.0021","139.5","138","141","0.0114","0.0099","0.0142","139.5","138","141","0.0461","0.0237","0.058","163","161","165","0.057679999999999995","0.0322","0.084","233.5","230","237","0.0672875","0.0331","0.0947","233.5","230","237","0.07757499999999999","0.0269","0.1215","233.5","230","237","0.0517875","0.0213","0.0872","139.5","138","141","0.07117499999999999","0.0358","0.094","163","161","165","0.01736","0.0105","0.028","163","161","165","0.06288","0.0385","0.0797","163","161","165","0.07203999999999999","0.0372","0.1074","233.5","230","237","0.023025","0.0152","0.0483","139.5","138","141","0.003125","0.0031","0.0032","421.5","414","429","0.00215625","0.002","0.0024","421.5","414","429","0.0005250000000000001","0.0004","0.0006","421.5","414","429","0.0006875","0.0006","0.0009","163","161","165","0.0605","0.0506","0.0714"
"25","","","","","","","","","","","","","","","","","","","","","","","","","","","","","","","","","","","","","","","","","","","","","","","","","","","","","","","","","","","","","145.5","144","147","0.00165","0.0016","0.0017","145.5","144","147","0.001775","0.0017","0.0018","439.5","432","447","0.0005874999999999999","0.0005","0.0007","145.5","144","147","0.0019249999999999998","0.0019","0.002","145.5","144","147","0.023725000000000003","0.0148","0.0427","145.5","144","147","0.041125","0.0298","0.0502","170","168","172","0.06048","0.0324","0.0897","243.5","240","247","0.07302499999999999","0.0464","0.1094","243.5","240","247","0.0896875","0.0665","0.1428","243.5","240","247","0.06987499999999999","0.0359","0.1175","145.5","144","147","0.04285","0.0397","0.0475","170","168","172","0.013800000000000002","0.0085","0.0175","170","168","172","0.06612","0.0446","0.0924","170","168","172","0.07222","0.0535","0.0852","243.5","240","247","0.0497875","0.0272","0.0642","145.5","144","147","0.003","0.0029","0.0031","439.5","432","447","0.00205625","0.0019","0.0023","439.5","432","447","0.0005125000000000002","0.0005","0.0006","439.5","432","447","0.0006812499999999999","0.0006","0.0009","170","168","172","0.03236","0.024","0.0384"
"26","","","","","","","","","","","","","","","","","","","","","","","","","","","","","","","","","","","","","","","","","","","","","","","","","","","","","","","","","","","","","151.5","150","153","0.0016","0.0016","0.0016","151.5","150","153","0.0017","0.0017","0.0017","457.5","450","465","0.0005562500000000001","0.0005","0.0007","151.5","150","153","0.0018249999999999998","0.0018","0.0019","151.5","150","153","0.028624999999999998","0.0242","0.0304","151.5","150","153","0.028525000000000002","0.0189","0.0366","177","175","179","0.09674","0.0601","0.1429","253.5","250","257","0.05755","0.025","0.0751","253.5","250","257","0.0778","0.0302","0.1335","253.5","250","257","0.05135","0.0366","0.0656","151.5","150","153","0.0523","0.035","0.0665","177","175","179","0.007239999999999999","0.0013","0.0203","177","175","179","0.051960000000000006","0.0444","0.0571","177","175","179","0.05382","0.0163","0.0877","253.5","250","257","0.0399625","0.0067","0.0635","151.5","150","153","0.0029","0.0028","0.003","457.5","450","465","0.00200625","0.0018","0.0023","457.5","450","465","0.0004750000000000001","0.0004","0.0005","457.5","450","465","0.0006124999999999999","0.0005","0.0007","177","175","179","0.0608","0.0169","0.0888"
"27","","","","","","","","","","","","","","","","","","","","","","","","","","","","","","","","","","","","","","","","","","","","","","","","","","","","","","","","","","","","","157.5","156","159","0.0015","0.0015","0.0015","157.5","156","159","0.0016","0.0016","0.0016","475.5","468","483","0.0005562500000000001","0.0005","0.0007","157.5","156","159","0.0018","0.0018","0.0018","157.5","156","159","0.030625","0.0201","0.0545","157.5","156","159","0.023975","0.0121","0.0336","184","182","186","0.061939999999999995","0.0561","0.0681","263.5","260","267","0.0553","0.0355","0.0721","263.5","260","267","0.07685","0.0373","0.116","263.5","260","267","0.058387499999999995","0.0264","0.1007","157.5","156","159","0.046875","0.0359","0.0591","184","182","186","0.01458","0.0083","0.0244","184","182","186","0.060399999999999995","0.0426","0.0942","184","182","186","0.04566","0.0195","0.057","263.5","260","267","0.027325","0.0173","0.0419","157.5","156","159","0.0027749999999999997","0.0027","0.0028","475.5","468","483","0.0019","0.0017","0.0021","475.5","468","483","0.0004625000000000001","0.0004","0.0005","475.5","468","483","0.0006062499999999999","0.0005","0.0007","184","182","186","0.06514","0.0386","0.0862"
"28","","","","","","","","","","","","","","","","","","","","","","","","","","","","","","","","","","","","","","","","","","","","","","","","","","","","","","","","","","","","","163.5","162","165","0.0014750000000000002","0.0014","0.0015","163.5","162","165","0.0015500000000000002","0.0015","0.0016","493.5","486","501","0.0005500000000000001","0.0005","0.0007","163.5","162","165","0.001725","0.0017","0.0018","163.5","162","165","0.0148","0.0072","0.0219","163.5","162","165","0.02615","0.0181","0.0353","191","189","193","0.08784","0.0473","0.1162","273.5","270","277","0.0749875","0.0364","0.0998","273.5","270","277","0.0697625","0.0402","0.1139","273.5","270","277","0.0493125","0.0319","0.0773","163.5","162","165","0.0611","0.0465","0.0737","191","189","193","0.01508","0.0078","0.0291","191","189","193","0.04342","0.021","0.057","191","189","193","0.06028","0.0455","0.0805","273.5","270","277","0.0306125","0.0179","0.0467","163.5","162","165","0.002675","0.0026","0.0027","493.5","486","501","0.0018874999999999996","0.0017","0.0023","493.5","486","501","0.0004625000000000001","0.0004","0.0006","493.5","486","501","0.000575","0.0005","0.0007","191","189","193","0.0631","0.0497","0.0777"
"29","","","","","","","","","","","","","","","","","","","","","","","","","","","","","","","","","","","","","","","","","","","","","","","","","","","","","","","","","","","","","169.5","168","171","0.0014","0.0014","0.0014","169.5","168","171","0.0015","0.0015","0.0015","511.5","504","519","0.0005125000000000002","0.0004","0.0006","169.5","168","171","0.001625","0.0016","0.0017","169.5","168","171","0.021875","0.0167","0.0315","169.5","168","171","0.0316","0.0111","0.062","198","196","200","0.08416","0.0411","0.1204","283.5","280","287","0.0696125","0.0406","0.1036","283.5","280","287","0.08031250000000001","0.0427","0.1226","283.5","280","287","0.051399999999999994","0.0364","0.0883","169.5","168","171","0.059899999999999995","0.0402","0.0767","198","196","200","0.01738","0.0135","0.0244","198","196","200","0.0441","0.0252","0.0552","198","196","200","0.05107999999999999","0.0236","0.0707","283.5","280","287","0.028562499999999998","0.0086","0.0464","169.5","168","171","0.002575","0.0025","0.0026","511.5","504","519","0.00178125","0.0016","0.002","511.5","504","519","0.0004375000000000001","0.0004","0.0005","511.5","504","519","0.00056875","0.0005","0.0007","198","196","200","0.04532","0.0216","0.068"
"30","","","","","","","","","","","","","","","","","","","","","","","","","","","","","","","","","","","","","","","","","","","","","","","","","","","","","","","","","","","","","175.5","174","177","0.0013750000000000001","0.0013","0.0014","175.5","174","177","0.00145","0.0014","0.0015","529.5","522","537","0.0005000000000000001","0.0004","0.0006","175.5","174","177","0.001575","0.0015","0.0016","175.5","174","177","0.026424999999999997","0.0159","0.04","175.5","174","177","0.038849999999999996","0.0219","0.0537","205","203","207","0.08298000000000001","0.0476","0.1088","293.5","290","297","0.0743875","0.0414","0.1295","293.5","290","297","0.0710375","0.0229","0.1207","293.5","290","297","0.050875","0.0134","0.1163","175.5","174","177","0.062150000000000004","0.0557","0.0773","205","203","207","0.0157","0.0082","0.027","205","203","207","0.05682","0.0219","0.1054","205","203","207","0.062360000000000006","0.0395","0.0967","293.5","290","297","0.038187500000000006","0.0279","0.0487","175.5","174","177","0.0024749999999999998","0.0024","0.0025","529.5","522","537","0.0017000000000000001","0.0015","0.002","529.5","522","537","0.0004187500000000001","0.0004","0.0005","529.5","522","537","0.0005562500000000001","0.0005","0.0009","205","203","207","0.03577999999999999","0.0152","0.0549"
"31","","","","","","","","","","","","","","","","","","","","","","","","","","","","","","","","","","","","","","","","","","","","","","","","","","","","","","","","","","","","","","","","","","","","","","","","","","","","","","","","","","","","","","","","","","","","","","","","","","","","","","","","","","","","","","","","","","","","","","","","","181.5","180","183","0.043125000000000004","0.0351","0.0588","212","210","214","0.011","0.0033","0.017","212","210","214","0.039959999999999996","0.0223","0.0601","212","210","214","0.03915999999999999","0.0245","0.059","303.5","300","307","0.0334625","0.0127","0.0528","181.5","180","183","0.002375","0.0023","0.0024","","","","","","","547.5","540","555","0.0004125000000000001","0.0003","0.0005","547.5","540","555","0.0005187500000000001","0.0004","0.0006","212","210","214","0.044820000000000006","0.0129","0.0822"
"32","","","","","","","","","","","","","","","","","","","","","","","","","","","","","","","","","","","","","","","","","","","","","","","","","","","","","","","","","","","","","","","","","","","","","","","","","","","","","","","","","","","","","","","","","","","","","","","","","","","","","","","","","","","","","","","","","","","","","","","","","187.5","186","189","0.028025","0.0152","0.0558","219","217","221","0.009819999999999999","0.0032","0.0203","219","217","221","0.05331999999999999","0.0288","0.0779","219","217","221","0.06944","0.0523","0.0855","313.5","310","317","0.030937500000000007","0.0135","0.0591","187.5","186","189","0.002275","0.0022","0.0023","","","","","","","565.5","558","573","0.00039375000000000006","0.0003","0.0005","565.5","558","573","0.0004750000000000001","0.0004","0.0005","219","217","221","0.07044","0.0567","0.0951"
"33","","","","","","","","","","","","","","","","","","","","","","","","","","","","","","","","","","","","","","","","","","","","","","","","","","","","","","","","","","","","","","","","","","","","","","","","","","","","","","","","","","","","","","","","","","","","","","","","","","","","","","","","","","","","","","","","","","","","","","","","","193.5","192","195","0.0402","0.0187","0.0628","226","224","228","0.01508","0.0103","0.0216","226","224","228","0.04523999999999999","0.0293","0.0642","226","224","228","0.06208","0.0265","0.1157","323.5","320","327","0.0322875","0.013","0.0761","193.5","192","195","0.0022","0.0022","0.0022","","","","","","","583.5","576","591","0.0003937500000000001","0.0003","0.0005","583.5","576","591","0.0004875000000000002","0.0004","0.0005","226","224","228","0.0339","0.0304","0.0381"
"34","","","","","","","","","","","","","","","","","","","","","","","","","","","","","","","","","","","","","","","","","","","","","","","","","","","","","","","","","","","","","","","","","","","","","","","","","","","","","","","","","","","","","","","","","","","","","","","","","","","","","","","","","","","","","","","","","","","","","","","","","199.5","198","201","0.08132500000000001","0.0637","0.0916","233","231","235","0.01168","0.002","0.0335","233","231","235","0.054279999999999995","0.0334","0.0727","233","231","235","0.04974","0.0284","0.0741","333.5","330","337","0.031725","0.0191","0.0422","199.5","198","201","0.0021249999999999997","0.0021","0.0022","","","","","","","601.5","594","609","0.0003812500000000001","0.0003","0.0004","601.5","594","609","0.00048125","0.0004","0.0005","233","231","235","0.055479999999999995","0.0363","0.0882"
"35","","","","","","","","","","","","","","","","","","","","","","","","","","","","","","","","","","","","","","","","","","","","","","","","","","","","","","","","","","","","","","","","","","","","","","","","","","","","","","","","","","","","","","","","","","","","","","","","","","","","","","","","","","","","","","","","","","","","","","","","","205.5","204","207","0.070225","0.0444","0.0958","240","238","242","0.016120000000000002","0.0105","0.0218","240","238","242","0.03408","0.0188","0.0647","240","238","242","0.07414","0.0398","0.0969","343.5","340","347","0.02005","0.0068","0.0337","205.5","204","207","0.002075","0.002","0.0021","","","","","","","619.5","612","627","0.00036875000000000005","0.0003","0.0004","619.5","612","627","0.00047500000000000016","0.0004","0.0006","240","238","242","0.059160000000000004","0.0408","0.0705"
"36","","","","","","","","","","","","","","","","","","","","","","","","","","","","","","","","","","","","","","","","","","","","","","","","","","","","","","","","","","","","","","","","","","","","","","","","","","","","","","","","","","","","","","","","","","","","","","","","","","","","","","","","","","","","","","","","","","","","","","","","","211.5","210","213","0.05565","0.0444","0.0652","247","245","249","0.010600000000000002","0.0085","0.0143","247","245","249","0.03882","0.017","0.0678","247","245","249","0.04434","0.029","0.0793","353.5","350","357","0.0380375","0.0044","0.0602","211.5","210","213","0.002","0.002","0.002","","","","","","","637.5","630","645","0.00031874999999999997","0.0003","0.0004","637.5","630","645","0.0004375","0.0004","0.0005","247","245","249","0.03982","0.0217","0.0714"
"37","","","","","","","","","","","","","","","","","","","","","","","","","","","","","","","","","","","","","","","","","","","","","","","","","","","","","","","","","","","","","","","","","","","","","","","","","","","","","","","","","","","","","","","","","","","","","","","","","","","","","","","","","","","","","","","","","","","","","","","","","217.5","216","219","0.03724999999999999","0.0334","0.0452","254","252","256","0.00814","0.0029","0.0164","254","252","256","0.05167999999999999","0.0351","0.0774","254","252","256","0.041100000000000005","0.0337","0.0504","363.5","360","367","0.035587499999999994","0.0076","0.0641","217.5","216","219","0.00195","0.0019","0.002","","","","","","","655.5","648","663","0.00033125","0.0003","0.0004","655.5","648","663","0.0004312500000000001","0.0004","0.0005","254","252","256","0.03784","0.0182","0.0578"
"38","","","","","","","","","","","","","","","","","","","","","","","","","","","","","","","","","","","","","","","","","","","","","","","","","","","","","","","","","","","","","","","","","","","","","","","","","","","","","","","","","","","","","","","","","","","","","","","","","","","","","","","","","","","","","","","","","","","","","","","","","223.5","222","225","0.034874999999999996","0.0269","0.0451","261","259","263","0.01128","0.0018","0.02","261","259","263","0.050140000000000004","0.0296","0.066","261","259","263","0.045619999999999994","0.0218","0.062","373.5","370","377","0.019662499999999996","0.0011","0.0368","223.5","222","225","0.0019","0.0019","0.0019","","","","","","","673.5","666","681","0.00031249999999999995","0.0003","0.0004","673.5","666","681","0.00040625000000000014","0.0003","0.0005","261","259","263","0.03392","0.0215","0.0728"
"39","","","","","","","","","","","","","","","","","","","","","","","","","","","","","","","","","","","","","","","","","","","","","","","","","","","","","","","","","","","","","","","","","","","","","","","","","","","","","","","","","","","","","","","","","","","","","","","","","","","","","","","","","","","","","","","","","","","","","","","","","229.5","228","231","0.043375","0.0233","0.0597","268","266","270","0.011980000000000001","0.0054","0.0166","268","266","270","0.03541999999999999","0.0209","0.0492","268","266","270","0.04224","0.0267","0.0498","383.5","380","387","0.025575","0.005","0.064","229.5","228","231","0.0018","0.0018","0.0018","","","","","","","691.5","684","699","0.00031249999999999995","0.0003","0.0004","691.5","684","699","0.00041875000000000007","0.0004","0.0005","268","266","270","0.04276","0.0062","0.0609"
"40","","","","","","","","","","","","","","","","","","","","","","","","","","","","","","","","","","","","","","","","","","","","","","","","","","","","","","","","","","","","","","","","","","","","","","","","","","","","","","","","","","","","","","","","","","","","","","","","","","","","","","","","","","","","","","","","","","","","","","","","","235.5","234","237","0.0695","0.0435","0.0927","275","273","277","0.01676","0.0071","0.0256","275","273","277","0.0434","0.0244","0.0586","275","273","277","0.0739","0.0561","0.1173","393.5","390","397","0.0335","0.0134","0.0531","235.5","234","237","0.001775","0.0017","0.0018","","","","","","","709.5","702","717","0.00031249999999999995","0.0003","0.0004","709.5","702","717","0.00039375000000000006","0.0003","0.0005","275","273","277","0.038919999999999996","0.019","0.055"
"41","","","","","","","","","","","","","","","","","","","","","","","","","","","","","","","","","","","","","","","","","","","","","","","","","","","","","","","","","","","","","","","","","","","","","","","","","","","","","","","","","","","","","","","","","","","","","","","","","","","","","","","","","","","","","","","","","","","","","","","","","241.5","240","243","0.050875","0.0344","0.0733","282","280","284","0.0045000000000000005","0.0005","0.0069","282","280","284","0.0372","0.0197","0.0503","282","280","284","0.038540000000000005","0.0218","0.0552","403.5","400","407","0.031825","0.0194","0.0783","241.5","240","243","0.001725","0.0017","0.0018","","","","","","","727.5","720","735","0.0003","0.0002","0.0004","727.5","720","735","0.0003875000000000001","0.0003","0.0004","282","280","284","0.028600000000000004","0.004","0.0447"
"42","","","","","","","","","","","","","","","","","","","","","","","","","","","","","","","","","","","","","","","","","","","","","","","","","","","","","","","","","","","","","","","","","","","","","","","","","","","","","","","","","","","","","","","","","","","","","","","","","","","","","","","","","","","","","","","","","","","","","","","","","247.5","246","249","0.0479","0.029","0.066","289","287","291","0.009540000000000002","0.0057","0.0134","289","287","291","0.04412","0.0189","0.0595","289","287","291","0.07409999999999999","0.0375","0.1","413.5","410","417","0.046775","0.0263","0.0729","247.5","246","249","0.0017","0.0017","0.0017","","","","","","","745.5","738","753","0.00031874999999999997","0.0003","0.0005","745.5","738","753","0.000375","0.0003","0.0005","289","287","291","0.06778","0.0351","0.0984"
"43","","","","","","","","","","","","","","","","","","","","","","","","","","","","","","","","","","","","","","","","","","","","","","","","","","","","","","","","","","","","","","","","","","","","","","","","","","","","","","","","","","","","","","","","","","","","","","","","","","","","","","","","","","","","","","","","","","","","","","","","","253.5","252","255","0.03845","0.024","0.0603","296","294","298","0.017359999999999997","0.0056","0.0375","296","294","298","0.038680000000000006","0.0246","0.0483","296","294","298","0.05513999999999999","0.0354","0.0741","423.5","420","427","0.020925000000000003","0.0044","0.0411","253.5","252","255","0.00165","0.0016","0.0017","","","","","","","763.5","756","771","0.00030624999999999994","0.0002","0.0004","763.5","756","771","0.00036875000000000005","0.0003","0.0004","296","294","298","0.05162","0.0363","0.0643"
"44","","","","","","","","","","","","","","","","","","","","","","","","","","","","","","","","","","","","","","","","","","","","","","","","","","","","","","","","","","","","","","","","","","","","","","","","","","","","","","","","","","","","","","","","","","","","","","","","","","","","","","","","","","","","","","","","","","","","","","","","","259.5","258","261","0.0492","0.0401","0.0647","303","301","305","0.008879999999999999","0.0035","0.0138","303","301","305","0.035640000000000005","0.0181","0.0511","303","301","305","0.05292","0.0279","0.0864","433.5","430","437","0.019975000000000003","0.0002","0.0523","259.5","258","261","0.0016","0.0016","0.0016","","","","","","","781.5","774","789","0.00029374999999999996","0.0002","0.0004","781.5","774","789","0.00035625000000000007","0.0003","0.0004","303","301","305","0.04462","0.0073","0.0725"
"45","","","","","","","","","","","","","","","","","","","","","","","","","","","","","","","","","","","","","","","","","","","","","","","","","","","","","","","","","","","","","","","","","","","","","","","","","","","","","","","","","","","","","","","","","","","","","","","","","","","","","","","","","","","","","","","","","","","","","","","","","265.5","264","267","0.07375","0.0441","0.1061","310","308","312","0.0117","0.0062","0.0201","310","308","312","0.05236","0.0226","0.0764","310","308","312","0.04868","0.0303","0.0752","443.5","440","447","0.033499999999999995","0.0149","0.0613","265.5","264","267","0.0016","0.0016","0.0016","","","","","","","799.5","792","807","0.00028749999999999994","0.0002","0.0003","799.5","792","807","0.0003375","0.0003","0.0004","310","308","312","0.045020000000000004","0.0249","0.0676"
"46","","","","","","","","","","","","","","","","","","","","","","","","","","","","","","","","","","","","","","","","","","","","","","","","","","","","","","","","","","","","","","","","","","","","","","","","","","","","","","","","","","","","","","","","","","","","","","","","","","","","","","","","","","","","","","","","","","","","","","","","","271.5","270","273","0.032675","0.0179","0.0548","317","315","319","0.0048200000000000005","0.0021","0.0085","317","315","319","0.05358","0.0337","0.0624","317","315","319","0.04568","0.0351","0.0589","453.5","450","457","0.0369875","0.0155","0.0739","271.5","270","273","0.0015249999999999999","0.0015","0.0016","","","","","","","817.5","810","825","0.00025624999999999997","0.0002","0.0003","817.5","810","825","0.00033125","0.0003","0.0004","317","315","319","0.034339999999999996","0.0084","0.0613"
"47","","","","","","","","","","","","","","","","","","","","","","","","","","","","","","","","","","","","","","","","","","","","","","","","","","","","","","","","","","","","","","","","","","","","","","","","","","","","","","","","","","","","","","","","","","","","","","","","","","","","","","","","","","","","","","","","","","","","","","","","","277.5","276","279","0.039625","0.0255","0.0494","324","322","326","0.00738","0.0029","0.0105","324","322","326","0.03604","0.015","0.0915","324","322","326","0.03915999999999999","0.0312","0.0477","463.5","460","467","0.0260375","0.0005","0.0792","277.5","276","279","0.0015","0.0015","0.0015","","","","","","","835.5","828","843","0.00026875","0.0002","0.0003","835.5","828","843","0.00031874999999999997","0.0003","0.0004","324","322","326","0.05948","0.0307","0.0834"
"48","","","","","","","","","","","","","","","","","","","","","","","","","","","","","","","","","","","","","","","","","","","","","","","","","","","","","","","","","","","","","","","","","","","","","","","","","","","","","","","","","","","","","","","","","","","","","","","","","","","","","","","","","","","","","","","","","","","","","","","","","283.5","282","285","0.0361","0.0163","0.0593","331","329","333","0.00712","0.001","0.0146","331","329","333","0.025740000000000002","0.0151","0.0479","331","329","333","0.06584","0.0428","0.0937","473.5","470","477","0.030125","0.0111","0.0501","283.5","282","285","0.0014500000000000001","0.0014","0.0015","","","","","","","853.5","846","861","0.0002625","0.0002","0.0003","853.5","846","861","0.00033749999999999996","0.0003","0.0004","331","329","333","0.05295999999999999","0.0189","0.0716"
"49","","","","","","","","","","","","","","","","","","","","","","","","","","","","","","","","","","","","","","","","","","","","","","","","","","","","","","","","","","","","","","","","","","","","","","","","","","","","","","","","","","","","","","","","","","","","","","","","","","","","","","","","","","","","","","","","","","","","","","","","","289.5","288","291","0.04962499999999999","0.0351","0.0652","338","336","340","0.00738","0.0013","0.0165","338","336","340","0.0182","0.0074","0.0276","338","336","340","0.06028","0.0101","0.1168","483.5","480","487","0.029574999999999997","0.0146","0.0668","289.5","288","291","0.0014","0.0014","0.0014","","","","","","","871.5","864","879","0.00025","0.0002","0.0003","871.5","864","879","0.00030624999999999994","0.0003","0.0004","338","336","340","0.02028","0.0087","0.0393"
"50","","","","","","","","","","","","","","","","","","","","","","","","","","","","","","","","","","","","","","","","","","","","","","","","","","","","","","","","","","","","","","","","","","","","","","","","","","","","","","","","","","","","","","","","","","","","","","","","","","","","","","","","","","","","","","","","","","","","","","","","","295.5","294","297","0.05714999999999999","0.049","0.0694","345","343","347","0.009159999999999998","0.0023","0.0165","345","343","347","0.03192","0.0204","0.07","345","343","347","0.03782","0.0231","0.069","493.5","490","497","0.023537499999999996","0.0034","0.0562","295.5","294","297","0.0014","0.0014","0.0014","","","","","","","889.5","882","897","0.00023125000000000004","0.0002","0.0004","889.5","882","897","0.0003","0.0003","0.0003","345","343","347","0.04562","0.0154","0.1068"
"51","","","","","","","","","","","","","","","","","","","","","","","","","","","","","","","","","","","","","","","","","","","","","","","","","","","","","","","","","","","","","","","","","","","","","","","","","","","","","","","","","","","","","","","","","","","","","","","","","","","","","","","","","","","","","","","","","","","","","","","","","","","","","","","","","","","","","","","","","","","","","","","","","","","","","","","301.5","300","303","0.001375","0.0013","0.0014","","","","","","","907.5","900","915","0.00023125000000000004","0.0002","0.0003","907.5","900","915","0.00030625","0.0003","0.0004","352","350","354","0.03624","0.0181","0.0506"
"52","","","","","","","","","","","","","","","","","","","","","","","","","","","","","","","","","","","","","","","","","","","","","","","","","","","","","","","","","","","","","","","","","","","","","","","","","","","","","","","","","","","","","","","","","","","","","","","","","","","","","","","","","","","","","","","","","","","","","","","","","","","","","","","","","","","","","","","","","","","","","","","","","","","","","","","307.5","306","309","0.001325","0.0013","0.0014","","","","","","","925.5","918","933","0.00021250000000000004","0.0002","0.0003","925.5","918","933","0.00029374999999999996","0.0002","0.0003","359","357","361","0.05312","0.0257","0.0683"
"53","","","","","","","","","","","","","","","","","","","","","","","","","","","","","","","","","","","","","","","","","","","","","","","","","","","","","","","","","","","","","","","","","","","","","","","","","","","","","","","","","","","","","","","","","","","","","","","","","","","","","","","","","","","","","","","","","","","","","","","","","","","","","","","","","","","","","","","","","","","","","","","","","","","","","","","313.5","312","315","0.0013","0.0013","0.0013","","","","","","","943.5","936","951","0.00021875000000000003","0.0002","0.0003","943.5","936","951","0.00029374999999999996","0.0002","0.0003","366","364","368","0.043340000000000004","0.0048","0.0764"
"54","","","","","","","","","","","","","","","","","","","","","","","","","","","","","","","","","","","","","","","","","","","","","","","","","","","","","","","","","","","","","","","","","","","","","","","","","","","","","","","","","","","","","","","","","","","","","","","","","","","","","","","","","","","","","","","","","","","","","","","","","","","","","","","","","","","","","","","","","","","","","","","","","","","","","","","319.5","318","321","0.0013","0.0013","0.0013","","","","","","","961.5","954","969","0.00021875000000000003","0.0002","0.0003","961.5","954","969","0.00029374999999999996","0.0002","0.0003","373","371","375","0.04238","0.025","0.0573"
"55","","","","","","","","","","","","","","","","","","","","","","","","","","","","","","","","","","","","","","","","","","","","","","","","","","","","","","","","","","","","","","","","","","","","","","","","","","","","","","","","","","","","","","","","","","","","","","","","","","","","","","","","","","","","","","","","","","","","","","","","","","","","","","","","","","","","","","","","","","","","","","","","","","","","","","","325.5","324","327","0.0012749999999999999","0.0012","0.0013","","","","","","","979.5","972","987","0.00021250000000000004","0.0002","0.0003","979.5","972","987","0.0003","0.0002","0.0004","380","378","382","0.06495999999999999","0.0155","0.1084"
"56","","","","","","","","","","","","","","","","","","","","","","","","","","","","","","","","","","","","","","","","","","","","","","","","","","","","","","","","","","","","","","","","","","","","","","","","","","","","","","","","","","","","","","","","","","","","","","","","","","","","","","","","","","","","","","","","","","","","","","","","","","","","","","","","","","","","","","","","","","","","","","","","","","","","","","","331.5","330","333","0.0012","0.0012","0.0012","","","","","","","997.5","990","1005","0.00020000000000000006","0.0002","0.0002","997.5","990","1005","0.0002812499999999999","0.0002","0.0003","387","385","389","0.04156","0.0229","0.0819"
"57","","","","","","","","","","","","","","","","","","","","","","","","","","","","","","","","","","","","","","","","","","","","","","","","","","","","","","","","","","","","","","","","","","","","","","","","","","","","","","","","","","","","","","","","","","","","","","","","","","","","","","","","","","","","","","","","","","","","","","","","","","","","","","","","","","","","","","","","","","","","","","","","","","","","","","","337.5","336","339","0.0012","0.0012","0.0012","","","","","","","1015.5","1008","1023","0.00020000000000000006","0.0002","0.0002","1015.5","1008","1023","0.00029374999999999996","0.0002","0.0003","394","392","396","0.03216","0.0152","0.0606"
"58","","","","","","","","","","","","","","","","","","","","","","","","","","","","","","","","","","","","","","","","","","","","","","","","","","","","","","","","","","","","","","","","","","","","","","","","","","","","","","","","","","","","","","","","","","","","","","","","","","","","","","","","","","","","","","","","","","","","","","","","","","","","","","","","","","","","","","","","","","","","","","","","","","","","","","","343.5","342","345","0.0012","0.0012","0.0012","","","","","","","1033.5","1026","1041","0.00020000000000000006","0.0002","0.0002","1033.5","1026","1041","0.00026874999999999995","0.0002","0.0003","401","399","403","0.03984","0.0091","0.0704"
"59","","","","","","","","","","","","","","","","","","","","","","","","","","","","","","","","","","","","","","","","","","","","","","","","","","","","","","","","","","","","","","","","","","","","","","","","","","","","","","","","","","","","","","","","","","","","","","","","","","","","","","","","","","","","","","","","","","","","","","","","","","","","","","","","","","","","","","","","","","","","","","","","","","","","","","","349.5","348","351","0.0011749999999999998","0.0011","0.0012","","","","","","","1051.5","1044","1059","0.00020000000000000006","0.0002","0.0002","1051.5","1044","1059","0.00025625","0.0002","0.0003","408","406","410","0.042100000000000005","0.0135","0.0855"
"60","","","","","","","","","","","","","","","","","","","","","","","","","","","","","","","","","","","","","","","","","","","","","","","","","","","","","","","","","","","","","","","","","","","","","","","","","","","","","","","","","","","","","","","","","","","","","","","","","","","","","","","","","","","","","","","","","","","","","","","","","","","","","","","","","","","","","","","","","","","","","","","","","","","","","","","355.5","354","357","0.001125","0.0011","0.0012","","","","","","","1069.5","1062","1077","0.00020625000000000005","0.0002","0.0003","1069.5","1062","1077","0.00027499999999999996","0.0002","0.0003","415","413","417","0.05682","0.0297","0.0968"
"61","","","","","","","","","","","","","","","","","","","","","","","","","","","","","","","","","","","","","","","","","","","","","","","","","","","","","","","","","","","","","","","","","","","","","","","","","","","","","","","","","","","","","","","","","","","","","","","","","","","","","","","","","","","","","","","","","","","","","","","","","","","","","","","","","","","","","","","","","","","","","","","","","","","","","","","361.5","360","363","0.0011","0.0011","0.0011","","","","","","","1087.5","1080","1095","0.00020000000000000006","0.0002","0.0002","1087.5","1080","1095","0.00024375000000000004","0.0002","0.0004","422","420","424","0.0429","0.0161","0.0799"
"62","","","","","","","","","","","","","","","","","","","","","","","","","","","","","","","","","","","","","","","","","","","","","","","","","","","","","","","","","","","","","","","","","","","","","","","","","","","","","","","","","","","","","","","","","","","","","","","","","","","","","","","","","","","","","","","","","","","","","","","","","","","","","","","","","","","","","","","","","","","","","","","","","","","","","","","367.5","366","369","0.0011","0.0011","0.0011","","","","","","","1105.5","1098","1113","0.00021875000000000003","0.0002","0.0003","1105.5","1098","1113","0.00023750000000000003","0.0002","0.0003","429","427","431","0.01854","0.0018","0.0274"
"63","","","","","","","","","","","","","","","","","","","","","","","","","","","","","","","","","","","","","","","","","","","","","","","","","","","","","","","","","","","","","","","","","","","","","","","","","","","","","","","","","","","","","","","","","","","","","","","","","","","","","","","","","","","","","","","","","","","","","","","","","","","","","","","","","","","","","","","","","","","","","","","","","","","","","","","373.5","372","375","0.0011","0.0011","0.0011","","","","","","","1123.5","1116","1131","0.00020000000000000006","0.0002","0.0002","1123.5","1116","1131","0.00023750000000000003","0.0002","0.0003","436","434","438","0.033999999999999996","0.0097","0.0633"
"64","","","","","","","","","","","","","","","","","","","","","","","","","","","","","","","","","","","","","","","","","","","","","","","","","","","","","","","","","","","","","","","","","","","","","","","","","","","","","","","","","","","","","","","","","","","","","","","","","","","","","","","","","","","","","","","","","","","","","","","","","","","","","","","","","","","","","","","","","","","","","","","","","","","","","","","379.5","378","381","0.0011","0.0011","0.0011","","","","","","","1141.5","1134","1149","0.00020625000000000005","0.0002","0.0003","1141.5","1134","1149","0.00021875000000000006","0.0002","0.0003","443","441","445","0.07702","0.0563","0.1226"
"65","","","","","","","","","","","","","","","","","","","","","","","","","","","","","","","","","","","","","","","","","","","","","","","","","","","","","","","","","","","","","","","","","","","","","","","","","","","","","","","","","","","","","","","","","","","","","","","","","","","","","","","","","","","","","","","","","","","","","","","","","","","","","","","","","","","","","","","","","","","","","","","","","","","","","","","385.5","384","387","0.001025","0.001","0.0011","","","","","","","1159.5","1152","1167","0.00020000000000000006","0.0002","0.0002","1159.5","1152","1167","0.00021875000000000003","0.0002","0.0003","450","448","452","0.05334","0.031","0.0894"
"66","","","","","","","","","","","","","","","","","","","","","","","","","","","","","","","","","","","","","","","","","","","","","","","","","","","","","","","","","","","","","","","","","","","","","","","","","","","","","","","","","","","","","","","","","","","","","","","","","","","","","","","","","","","","","","","","","","","","","","","","","","","","","","","","","","","","","","","","","","","","","","","","","","","","","","","391.5","390","393","0.001025","0.001","0.0011","","","","","","","1177.5","1170","1185","0.00020000000000000006","0.0002","0.0002","1177.5","1170","1185","0.00023125","0.0002","0.0003","457","455","459","0.024939999999999997","0.0067","0.0475"
"67","","","","","","","","","","","","","","","","","","","","","","","","","","","","","","","","","","","","","","","","","","","","","","","","","","","","","","","","","","","","","","","","","","","","","","","","","","","","","","","","","","","","","","","","","","","","","","","","","","","","","","","","","","","","","","","","","","","","","","","","","","","","","","","","","","","","","","","","","","","","","","","","","","","","","","","397.5","396","399","0.001","0.001","0.001","","","","","","","1195.5","1188","1203","0.00020000000000000006","0.0002","0.0002","1195.5","1188","1203","0.00020000000000000006","0.0002","0.0002","464","462","466","0.02326","0.013","0.0432"
"68","","","","","","","","","","","","","","","","","","","","","","","","","","","","","","","","","","","","","","","","","","","","","","","","","","","","","","","","","","","","","","","","","","","","","","","","","","","","","","","","","","","","","","","","","","","","","","","","","","","","","","","","","","","","","","","","","","","","","","","","","","","","","","","","","","","","","","","","","","","","","","","","","","","","","","","403.5","402","405","0.001","0.001","0.001","","","","","","","1213.5","1206","1221","0.00020000000000000006","0.0002","0.0002","1213.5","1206","1221","0.00021250000000000007","0.0002","0.0003","471","469","473","0.0513","0.0255","0.0742"
"69","","","","","","","","","","","","","","","","","","","","","","","","","","","","","","","","","","","","","","","","","","","","","","","","","","","","","","","","","","","","","","","","","","","","","","","","","","","","","","","","","","","","","","","","","","","","","","","","","","","","","","","","","","","","","","","","","","","","","","","","","","","","","","","","","","","","","","","","","","","","","","","","","","","","","","","409.5","408","411","0.001","0.001","0.001","","","","","","","1231.5","1224","1239","0.00020000000000000006","0.0002","0.0002","1231.5","1224","1239","0.00020000000000000006","0.0002","0.0002","478","476","480","0.042100000000000005","0.0233","0.067"
"70","","","","","","","","","","","","","","","","","","","","","","","","","","","","","","","","","","","","","","","","","","","","","","","","","","","","","","","","","","","","","","","","","","","","","","","","","","","","","","","","","","","","","","","","","","","","","","","","","","","","","","","","","","","","","","","","","","","","","","","","","","","","","","","","","","","","","","","","","","","","","","","","","","","","","","","415.5","414","417","0.001","0.001","0.001","","","","","","","1249.5","1242","1257","0.00020000000000000006","0.0002","0.0002","1249.5","1242","1257","0.00020625000000000005","0.0002","0.0003","485","483","487","0.03614","0.0069","0.0695"
"71","","","","","","","","","","","","","","","","","","","","","","","","","","","","","","","","","","","","","","","","","","","","","","","","","","","","","","","","","","","","","","","","","","","","","","","","","","","","","","","","","","","","","","","","","","","","","","","","","","","","","","","","","","","","","","","","","","","","","","","","","","","","","","","","","","","","","","","","","","","","","","","","","","","","","","","421.5","420","423","0.0009499999999999999","0.0009","0.001","","","","","","","1267.5","1260","1275","0.00018750000000000006","0.0001","0.0002","1267.5","1260","1275","0.00020000000000000006","0.0002","0.0002","492","490","494","0.01748","0.0139","0.0203"
"72","","","","","","","","","","","","","","","","","","","","","","","","","","","","","","","","","","","","","","","","","","","","","","","","","","","","","","","","","","","","","","","","","","","","","","","","","","","","","","","","","","","","","","","","","","","","","","","","","","","","","","","","","","","","","","","","","","","","","","","","","","","","","","","","","","","","","","","","","","","","","","","","","","","","","","","427.5","426","429","0.0009","0.0009","0.0009","","","","","","","1285.5","1278","1293","0.00019375000000000005","0.0001","0.0002","1285.5","1278","1293","0.00020625000000000005","0.0002","0.0003","499","497","501","0.04174","0.0145","0.0872"
"73","","","","","","","","","","","","","","","","","","","","","","","","","","","","","","","","","","","","","","","","","","","","","","","","","","","","","","","","","","","","","","","","","","","","","","","","","","","","","","","","","","","","","","","","","","","","","","","","","","","","","","","","","","","","","","","","","","","","","","","","","","","","","","","","","","","","","","","","","","","","","","","","","","","","","","","433.5","432","435","0.0009","0.0009","0.0009","","","","","","","1303.5","1296","1311","0.00018750000000000003","0.0001","0.0002","1303.5","1296","1311","0.00021250000000000004","0.0002","0.0003","506","504","508","0.04798","0.0057","0.1067"
"74","","","","","","","","","","","","","","","","","","","","","","","","","","","","","","","","","","","","","","","","","","","","","","","","","","","","","","","","","","","","","","","","","","","","","","","","","","","","","","","","","","","","","","","","","","","","","","","","","","","","","","","","","","","","","","","","","","","","","","","","","","","","","","","","","","","","","","","","","","","","","","","","","","","","","","","439.5","438","441","0.0009","0.0009","0.0009","","","","","","","1321.5","1314","1329","0.00017500000000000003","0.0001","0.0002","1321.5","1314","1329","0.00020000000000000006","0.0002","0.0002","513","511","515","0.026140000000000004","0.0119","0.062"
"75","","","","","","","","","","","","","","","","","","","","","","","","","","","","","","","","","","","","","","","","","","","","","","","","","","","","","","","","","","","","","","","","","","","","","","","","","","","","","","","","","","","","","","","","","","","","","","","","","","","","","","","","","","","","","","","","","","","","","","","","","","","","","","","","","","","","","","","","","","","","","","","","","","","","","","","445.5","444","447","0.0009","0.0009","0.0009","","","","","","","1339.5","1332","1347","0.00016875000000000004","0.0001","0.0002","1339.5","1332","1347","0.00021250000000000004","0.0002","0.0003","520","518","522","0.026180000000000002","0.0064","0.068"
"76","","","","","","","","","","","","","","","","","","","","","","","","","","","","","","","","","","","","","","","","","","","","","","","","","","","","","","","","","","","","","","","","","","","","","","","","","","","","","","","","","","","","","","","","","","","","","","","","","","","","","","","","","","","","","","","","","","","","","","","","","","","","","","","","","","","","","","","","","","","","","","","","","","","","","","","451.5","450","453","0.0009","0.0009","0.0009","","","","","","","1357.5","1350","1365","0.00015000000000000004","0.0001","0.0002","1357.5","1350","1365","0.00020000000000000006","0.0002","0.0002","527","525","529","0.04944","0.0278","0.0727"
"77","","","","","","","","","","","","","","","","","","","","","","","","","","","","","","","","","","","","","","","","","","","","","","","","","","","","","","","","","","","","","","","","","","","","","","","","","","","","","","","","","","","","","","","","","","","","","","","","","","","","","","","","","","","","","","","","","","","","","","","","","","","","","","","","","","","","","","","","","","","","","","","","","","","","","","","457.5","456","459","0.0009","0.0009","0.0009","","","","","","","1375.5","1368","1383","0.00012500000000000003","0.0001","0.0002","1375.5","1368","1383","0.00020000000000000006","0.0002","0.0002","534","532","536","0.04746","0.0249","0.0776"
"78","","","","","","","","","","","","","","","","","","","","","","","","","","","","","","","","","","","","","","","","","","","","","","","","","","","","","","","","","","","","","","","","","","","","","","","","","","","","","","","","","","","","","","","","","","","","","","","","","","","","","","","","","","","","","","","","","","","","","","","","","","","","","","","","","","","","","","","","","","","","","","","","","","","","","","","463.5","462","465","0.000875","0.0008","0.0009","","","","","","","1393.5","1386","1401","0.00015625000000000003","0.0001","0.0002","1393.5","1386","1401","0.00020000000000000006","0.0002","0.0002","541","539","543","0.04264","0.0332","0.0559"
"79","","","","","","","","","","","","","","","","","","","","","","","","","","","","","","","","","","","","","","","","","","","","","","","","","","","","","","","","","","","","","","","","","","","","","","","","","","","","","","","","","","","","","","","","","","","","","","","","","","","","","","","","","","","","","","","","","","","","","","","","","","","","","","","","","","","","","","","","","","","","","","","","","","","","","","","469.5","468","471","0.000875","0.0008","0.0009","","","","","","","1411.5","1404","1419","0.00015000000000000001","0.0001","0.0002","1411.5","1404","1419","0.00020625000000000005","0.0002","0.0003","548","546","550","0.03652","0.0126","0.0792"
"80","","","","","","","","","","","","","","","","","","","","","","","","","","","","","","","","","","","","","","","","","","","","","","","","","","","","","","","","","","","","","","","","","","","","","","","","","","","","","","","","","","","","","","","","","","","","","","","","","","","","","","","","","","","","","","","","","","","","","","","","","","","","","","","","","","","","","","","","","","","","","","","","","","","","","","","475.5","474","477","0.0008","0.0008","0.0008","","","","","","","1429.5","1422","1437","0.00016875000000000004","0.0001","0.0002","1429.5","1422","1437","0.00020000000000000006","0.0002","0.0002","555","553","557","0.025300000000000007","0.013","0.0453"